[{"model": "products.historicalproducttype", "pk": 1, "fields": {"id": 1, "product_type_id": "805fc6f3-9706-43ac-b66c-df95290f3a0b", "product_type": "Cakes", "product_type_image": "product-types/805fc6f3-9706-43ac-b66c-df95290f3a0b/image/chocolate_tablea_whole_nguAoM7.jpg", "product_type_status": "ACTIVE", "product_type_description": "<p>Cakes</p>", "product_type_tags": "[\"cakes\", \"le reussi\"]", "created": "2023-03-16T11:05:30.495Z", "modified": "2023-03-16T11:05:30.495Z", "created_by": 1, "modified_by": 1, "history_date": "2023-03-16T11:05:30.500Z", "history_change_reason": null, "history_type": "+", "history_user": 1}}, {"model": "products.historicalproducttype", "pk": 2, "fields": {"id": 2, "product_type_id": "c60f6dfe-4478-483e-b856-5d9168201505", "product_type": "Beverages", "product_type_image": "", "product_type_status": "ACTIVE", "product_type_description": "<p>Beverages</p>", "product_type_tags": "[\"beverage\"]", "created": "2023-03-24T02:37:00.922Z", "modified": "2023-03-24T02:37:00.922Z", "created_by": 1, "modified_by": 1, "history_date": "2023-03-24T02:37:00.925Z", "history_change_reason": null, "history_type": "+", "history_user": 1}}, {"model": "products.historicalproducttype", "pk": 3, "fields": {"id": 2, "product_type_id": "c60f6dfe-4478-483e-b856-5d9168201505", "product_type": "Beverages", "product_type_image": "product-types/c60f6dfe-4478-483e-b856-5d9168201505/image/blueberrylatte.jpg", "product_type_status": "ACTIVE", "product_type_description": "<p>Beverages</p>", "product_type_tags": "[\"beverage\"]", "created": "2023-03-24T02:37:00.922Z", "modified": "2023-03-24T02:44:08.302Z", "created_by": 1, "modified_by": 1, "history_date": "2023-03-24T02:44:08.303Z", "history_change_reason": null, "history_type": "~", "history_user": 1}}, {"model": "products.producttype", "pk": 1, "fields": {"product_type_id": "805fc6f3-9706-43ac-b66c-df95290f3a0b", "product_type": "Cakes", "product_type_image": "product-types/805fc6f3-9706-43ac-b66c-df95290f3a0b/image/chocolate_tablea_whole_nguAoM7.jpg", "product_type_status": "ACTIVE", "product_type_description": "<p>Cakes</p>", "product_type_tags": "[\"cakes\", \"le reussi\"]", "created": "2023-03-16T11:05:30.495Z", "created_by": 1, "modified": "2023-03-16T11:05:30.495Z", "modified_by": 1}}, {"model": "products.producttype", "pk": 2, "fields": {"product_type_id": "c60f6dfe-4478-483e-b856-5d9168201505", "product_type": "Beverages", "product_type_image": "product-types/c60f6dfe-4478-483e-b856-5d9168201505/image/blueberrylatte.jpg", "product_type_status": "ACTIVE", "product_type_description": "<p>Beverages</p>", "product_type_tags": "[\"beverage\"]", "created": "2023-03-24T02:37:00.922Z", "created_by": 1, "modified": "2023-03-24T02:44:08.302Z", "modified_by": 1}}, {"model": "products.historicalproducttypemeta", "pk": 1, "fields": {"id": 1, "meta_tag_title": "Cakes", "meta_tag_description": "<p>Cakes</p>", "page_slug": "cakes", "modified": "2023-03-16T11:05:30.507Z", "product_type": 1, "modified_by": null, "history_date": "2023-03-16T11:05:30.509Z", "history_change_reason": null, "history_type": "+", "history_user": null}}, {"model": "products.historicalproducttypemeta", "pk": 2, "fields": {"id": 2, "meta_tag_title": "Beverages", "meta_tag_description": "<p>Beverages</p>", "page_slug": "beverages", "modified": "2023-03-24T02:37:00.928Z", "product_type": 2, "modified_by": null, "history_date": "2023-03-24T02:37:00.931Z", "history_change_reason": null, "history_type": "+", "history_user": null}}, {"model": "products.historicalproducttypemeta", "pk": 3, "fields": {"id": 2, "meta_tag_title": "Beverages", "meta_tag_description": "<p>Beverages</p>", "page_slug": "beverages", "modified": "2023-03-24T02:44:08.307Z", "product_type": 2, "modified_by": 1, "history_date": "2023-03-24T02:44:08.307Z", "history_change_reason": null, "history_type": "~", "history_user": 1}}, {"model": "products.producttypemeta", "pk": 1, "fields": {"product_type": 1, "meta_tag_title": "Cakes", "meta_tag_description": "<p>Cakes</p>", "page_slug": "cakes", "modified": "2023-03-16T11:05:30.507Z", "modified_by": null}}, {"model": "products.producttypemeta", "pk": 2, "fields": {"product_type": 2, "meta_tag_title": "Beverages", "meta_tag_description": "<p>Beverages</p>", "page_slug": "beverages", "modified": "2023-03-24T02:44:08.307Z", "modified_by": 1}}, {"model": "products.historicalproduct", "pk": 1, "fields": {"id": 1, "product_id": "307c62e2-5c74-4c5b-a8e7-7cdbb50a8463", "product_name": "Ube Cake", "product_image": "products/307c62e2-5c74-4c5b-a8e7-7cdbb50a8463/image/Mini_Ube_Cake.JPG", "product_status": "ACTIVE", "product_description": "<p>Ube Cake</p>", "product_tags": "[\"ube\", \"cakes\"]", "is_deleted": false, "created": "2023-03-17T12:09:35.519Z", "modified": "2023-03-17T12:09:35.519Z", "product_type": 1, "created_by": 1, "modified_by": 1, "history_date": "2023-03-17T12:09:35.522Z", "history_change_reason": null, "history_type": "+", "history_user": 1}}, {"model": "products.historicalproduct", "pk": 2, "fields": {"id": 2, "product_id": "84db2ced-9261-4212-9252-4988d8b7a131", "product_name": "White Chocolate Cake", "product_image": "products/84db2ced-9261-4212-9252-4988d8b7a131/image/Mini_White_Chocolate_Cake.jpg", "product_status": "ACTIVE", "product_description": "<p>White Chocolate Cake</p>", "product_tags": "[\"white chocolate\", \"cake\", \"chocolate\"]", "is_deleted": false, "created": "2023-03-17T12:11:25.625Z", "modified": "2023-03-17T12:11:25.625Z", "product_type": 1, "created_by": 1, "modified_by": 1, "history_date": "2023-03-17T12:11:25.626Z", "history_change_reason": null, "history_type": "+", "history_user": 1}}, {"model": "products.historicalproduct", "pk": 3, "fields": {"id": 1, "product_id": "307c62e2-5c74-4c5b-a8e7-7cdbb50a8463", "product_name": "Ube Cake", "product_image": "products/307c62e2-5c74-4c5b-a8e7-7cdbb50a8463/image/strawberrycake.png", "product_status": "ACTIVE", "product_description": "<p>Ube Cake</p>", "product_tags": "[\"ube\", \"cakes\"]", "is_deleted": false, "created": "2023-03-17T12:09:35.519Z", "modified": "2023-03-24T02:27:05.957Z", "product_type": 1, "created_by": 1, "modified_by": 1, "history_date": "2023-03-24T02:27:05.958Z", "history_change_reason": null, "history_type": "~", "history_user": 1}}, {"model": "products.product", "pk": 1, "fields": {"product_id": "307c62e2-5c74-4c5b-a8e7-7cdbb50a8463", "product_type": 1, "product_name": "Ube Cake", "product_image": "products/307c62e2-5c74-4c5b-a8e7-7cdbb50a8463/image/strawberrycake.png", "product_status": "ACTIVE", "product_description": "<p>Ube Cake</p>", "product_tags": "[\"ube\", \"cakes\"]", "is_deleted": false, "created": "2023-03-17T12:09:35.519Z", "created_by": 1, "modified": "2023-03-24T02:27:05.957Z", "modified_by": 1}}, {"model": "products.product", "pk": 2, "fields": {"product_id": "84db2ced-9261-4212-9252-4988d8b7a131", "product_type": 1, "product_name": "White Chocolate Cake", "product_image": "products/84db2ced-9261-4212-9252-4988d8b7a131/image/Mini_White_Chocolate_Cake.jpg", "product_status": "ACTIVE", "product_description": "<p>White Chocolate Cake</p>", "product_tags": "[\"white chocolate\", \"cake\", \"chocolate\"]", "is_deleted": false, "created": "2023-03-17T12:11:25.625Z", "created_by": 1, "modified": "2023-03-17T12:11:25.625Z", "modified_by": 1}}, {"model": "products.historicalproductmeta", "pk": 1, "fields": {"id": 1, "meta_tag_title": "Ube Cake", "meta_tag_description": "<p>Ube Cake</p>", "page_slug": "ube-cake", "modified": "2023-03-17T12:09:35.530Z", "product": 1, "modified_by": null, "history_date": "2023-03-17T12:09:35.533Z", "history_change_reason": null, "history_type": "+", "history_user": null}}, {"model": "products.historicalproductmeta", "pk": 2, "fields": {"id": 2, "meta_tag_title": "White Chocolate Cake", "meta_tag_description": "<p>White Chocolate Cake</p>", "page_slug": "white-chocolate-cake", "modified": "2023-03-17T12:11:25.628Z", "product": 2, "modified_by": null, "history_date": "2023-03-17T12:11:25.629Z", "history_change_reason": null, "history_type": "+", "history_user": null}}, {"model": "products.historicalproductmeta", "pk": 3, "fields": {"id": 1, "meta_tag_title": "Ube Cake", "meta_tag_description": "<p>Ube Cake</p>", "page_slug": "ube-cake", "modified": "2023-03-24T02:27:05.966Z", "product": 1, "modified_by": 1, "history_date": "2023-03-24T02:27:05.967Z", "history_change_reason": null, "history_type": "~", "history_user": 1}}, {"model": "products.productmeta", "pk": 1, "fields": {"product": 1, "meta_tag_title": "Ube Cake", "meta_tag_description": "<p>Ube Cake</p>", "page_slug": "ube-cake", "modified": "2023-03-24T02:27:05.966Z", "modified_by": 1}}, {"model": "products.productmeta", "pk": 2, "fields": {"product": 2, "meta_tag_title": "White Chocolate Cake", "meta_tag_description": "<p>White Chocolate Cake</p>", "page_slug": "white-chocolate-cake", "modified": "2023-03-17T12:11:25.628Z", "modified_by": null}}, {"model": "products.historicalproductvariant", "pk": 1, "fields": {"id": 1, "variant_id": "8c3a27fd-74dc-4d47-8f67-fbf33a0180e7", "sku": "UC-001", "variant_name": "Ube Cake", "variant_image": "product-variants/UC-001/image/Mini_Ube_Cake.JPG", "variant_description": "<p>Ube Cake</p>", "variant_tags": "[\"ube\", \"cake\", \"exclusive\"]", "variant_status": "ACTIVE", "is_deleted": false, "created": "2023-03-17T12:10:27.668Z", "modified": "2023-03-17T12:10:27.668Z", "product": 1, "created_by": 1, "modified_by": 1, "history_date": "2023-03-17T12:10:27.671Z", "history_change_reason": null, "history_type": "+", "history_user": 1}}, {"model": "products.historicalproductvariant", "pk": 2, "fields": {"id": 2, "variant_id": "9e9967e2-8553-4118-8bc9-71193f82d686", "sku": "WCC-001", "variant_name": "White Chocolate Cake", "variant_image": "product-variants/WCC-001/image/Mini_White_Chocolate_Cake.jpg", "variant_description": "<p>White Chocolate Cake</p>", "variant_tags": "[\"white chocolate\", \"exclusive\", \"cakes\", \"chocolate\"]", "variant_status": "ACTIVE", "is_deleted": false, "created": "2023-03-17T12:12:22.191Z", "modified": "2023-03-17T12:12:22.191Z", "product": 2, "created_by": 1, "modified_by": 1, "history_date": "2023-03-17T12:12:22.192Z", "history_change_reason": null, "history_type": "+", "history_user": 1}}, {"model": "products.productvariant", "pk": 1, "fields": {"product": 1, "variant_id": "8c3a27fd-74dc-4d47-8f67-fbf33a0180e7", "sku": "UC-001", "variant_name": "Ube Cake", "variant_image": "product-variants/UC-001/image/Mini_Ube_Cake.JPG", "variant_description": "<p>Ube Cake</p>", "variant_tags": "[\"ube\", \"cake\", \"exclusive\"]", "variant_status": "ACTIVE", "is_deleted": false, "created": "2023-03-17T12:10:27.668Z", "created_by": 1, "modified": "2023-03-17T12:10:27.668Z", "modified_by": 1}}, {"model": "products.productvariant", "pk": 2, "fields": {"product": 2, "variant_id": "9e9967e2-8553-4118-8bc9-71193f82d686", "sku": "WCC-001", "variant_name": "White Chocolate Cake", "variant_image": "product-variants/WCC-001/image/Mini_White_Chocolate_Cake.jpg", "variant_description": "<p>White Chocolate Cake</p>", "variant_tags": "[\"white chocolate\", \"exclusive\", \"cakes\", \"chocolate\"]", "variant_status": "ACTIVE", "is_deleted": false, "created": "2023-03-17T12:12:22.191Z", "created_by": 1, "modified": "2023-03-17T12:12:22.191Z", "modified_by": 1}}, {"model": "products.productmedia", "pk": 1, "fields": {"variant": 1, "attachment": "product-variants/UC-001/medias/Mini_Ube_Cake.JPG", "is_default": false, "created": "2023-03-17T12:10:27.710Z", "modified": "2023-03-17T12:10:27.710Z"}}, {"model": "products.productmedia", "pk": 2, "fields": {"variant": 2, "attachment": "product-variants/WCC-001/medias/Mini_White_Chocolate_Cake.jpg", "is_default": false, "created": "2023-03-17T12:12:22.206Z", "modified": "2023-03-17T12:12:22.206Z"}}, {"model": "products.historicalprice", "pk": 1, "fields": {"id": 1, "base_price": "250.00", "discounted_price": "225.00", "modified": "2023-03-17T12:10:27.678Z", "variant": 1, "modified_by": null, "history_date": "2023-03-17T12:10:27.681Z", "history_change_reason": null, "history_type": "+", "history_user": null}}, {"model": "products.historicalprice", "pk": 2, "fields": {"id": 2, "base_price": "250.00", "discounted_price": "225.00", "modified": "2023-03-17T12:12:22.193Z", "variant": 2, "modified_by": null, "history_date": "2023-03-17T12:12:22.194Z", "history_change_reason": null, "history_type": "+", "history_user": null}}, {"model": "products.price", "pk": 1, "fields": {"variant": 1, "base_price": "250.00", "discounted_price": "225.00", "modified": "2023-03-17T12:10:27.678Z", "modified_by": null}}, {"model": "products.price", "pk": 2, "fields": {"variant": 2, "base_price": "250.00", "discounted_price": "225.00", "modified": "2023-03-17T12:12:22.193Z", "modified_by": null}}, {"model": "products.historicalpointvalue", "pk": 1, "fields": {"id": 1, "point_value": "5.00", "modified": "2023-03-17T12:10:27.694Z", "variant": 1, "membership_level": 1, "modified_by": null, "history_date": "2023-03-17T12:10:27.696Z", "history_change_reason": null, "history_type": "+", "history_user": null}}, {"model": "products.historicalpointvalue", "pk": 2, "fields": {"id": 2, "point_value": "4.00", "modified": "2023-03-17T12:10:27.702Z", "variant": 1, "membership_level": 2, "modified_by": null, "history_date": "2023-03-17T12:10:27.703Z", "history_change_reason": null, "history_type": "+", "history_user": null}}, {"model": "products.historicalpointvalue", "pk": 3, "fields": {"id": 3, "point_value": "3.00", "modified": "2023-03-17T12:10:27.703Z", "variant": 1, "membership_level": 3, "modified_by": null, "history_date": "2023-03-17T12:10:27.704Z", "history_change_reason": null, "history_type": "+", "history_user": null}}, {"model": "products.historicalpointvalue", "pk": 4, "fields": {"id": 4, "point_value": "2.00", "modified": "2023-03-17T12:10:27.704Z", "variant": 1, "membership_level": 4, "modified_by": null, "history_date": "2023-03-17T12:10:27.705Z", "history_change_reason": null, "history_type": "+", "history_user": null}}, {"model": "products.historicalpointvalue", "pk": 5, "fields": {"id": 5, "point_value": "5.00", "modified": "2023-03-17T12:12:22.197Z", "variant": 2, "membership_level": 1, "modified_by": null, "history_date": "2023-03-17T12:12:22.197Z", "history_change_reason": null, "history_type": "+", "history_user": null}}, {"model": "products.historicalpointvalue", "pk": 6, "fields": {"id": 6, "point_value": "4.00", "modified": "2023-03-17T12:12:22.198Z", "variant": 2, "membership_level": 2, "modified_by": null, "history_date": "2023-03-17T12:12:22.199Z", "history_change_reason": null, "history_type": "+", "history_user": null}}, {"model": "products.historicalpointvalue", "pk": 7, "fields": {"id": 7, "point_value": "3.00", "modified": "2023-03-17T12:12:22.199Z", "variant": 2, "membership_level": 3, "modified_by": null, "history_date": "2023-03-17T12:12:22.200Z", "history_change_reason": null, "history_type": "+", "history_user": null}}, {"model": "products.historicalpointvalue", "pk": 8, "fields": {"id": 8, "point_value": "2.00", "modified": "2023-03-17T12:12:22.200Z", "variant": 2, "membership_level": 4, "modified_by": null, "history_date": "2023-03-17T12:12:22.200Z", "history_change_reason": null, "history_type": "+", "history_user": null}}, {"model": "products.pointvalue", "pk": 1, "fields": {"variant": 1, "membership_level": 1, "point_value": "5.00", "modified": "2023-03-17T12:10:27.694Z", "modified_by": null}}, {"model": "products.pointvalue", "pk": 2, "fields": {"variant": 1, "membership_level": 2, "point_value": "4.00", "modified": "2023-03-17T12:10:27.702Z", "modified_by": null}}, {"model": "products.pointvalue", "pk": 3, "fields": {"variant": 1, "membership_level": 3, "point_value": "3.00", "modified": "2023-03-17T12:10:27.703Z", "modified_by": null}}, {"model": "products.pointvalue", "pk": 4, "fields": {"variant": 1, "membership_level": 4, "point_value": "2.00", "modified": "2023-03-17T12:10:27.704Z", "modified_by": null}}, {"model": "products.pointvalue", "pk": 5, "fields": {"variant": 2, "membership_level": 1, "point_value": "5.00", "modified": "2023-03-17T12:12:22.197Z", "modified_by": null}}, {"model": "products.pointvalue", "pk": 6, "fields": {"variant": 2, "membership_level": 2, "point_value": "4.00", "modified": "2023-03-17T12:12:22.198Z", "modified_by": null}}, {"model": "products.pointvalue", "pk": 7, "fields": {"variant": 2, "membership_level": 3, "point_value": "3.00", "modified": "2023-03-17T12:12:22.199Z", "modified_by": null}}, {"model": "products.pointvalue", "pk": 8, "fields": {"variant": 2, "membership_level": 4, "point_value": "2.00", "modified": "2023-03-17T12:12:22.200Z", "modified_by": null}}, {"model": "products.historicalproductvariantmeta", "pk": 1, "fields": {"id": 1, "meta_tag_title": "Ube Cake", "meta_tag_description": "<p>Ube Cake</p>", "page_slug": "ube-cake", "modified": "2023-03-17T12:10:27.686Z", "variant": 1, "modified_by": null, "history_date": "2023-03-17T12:10:27.689Z", "history_change_reason": null, "history_type": "+", "history_user": null}}, {"model": "products.historicalproductvariantmeta", "pk": 2, "fields": {"id": 2, "meta_tag_title": "White Chocolate Cake", "meta_tag_description": "<p>White Chocolate Cake</p>", "page_slug": "white-chocolate-cake", "modified": "2023-03-17T12:12:22.195Z", "variant": 2, "modified_by": null, "history_date": "2023-03-17T12:12:22.196Z", "history_change_reason": null, "history_type": "+", "history_user": null}}, {"model": "products.productvariantmeta", "pk": 1, "fields": {"variant": 1, "meta_tag_title": "Ube Cake", "meta_tag_description": "<p>Ube Cake</p>", "page_slug": "ube-cake", "modified": "2023-03-17T12:10:27.686Z", "modified_by": null}}, {"model": "products.productvariantmeta", "pk": 2, "fields": {"variant": 2, "meta_tag_title": "White Chocolate Cake", "meta_tag_description": "<p>White Chocolate Cake</p>", "page_slug": "white-chocolate-cake", "modified": "2023-03-17T12:12:22.195Z", "modified_by": null}}, {"model": "products.historicalsupply", "pk": 1, "fields": {"id": 1, "supply_id": "7ae7b971-4237-47d5-ba34-63acdd2af4ad", "reference_number": "", "carrier": "", "carrier_contact_number": null, "tracking_number": "", "comment": "", "created": "2023-03-17T12:13:06.064Z", "modified": "2023-03-17T12:13:06.064Z", "branch_from": 1, "branch_to": 1, "created_by": 1, "modified_by": 1, "history_date": "2023-03-17T12:13:06.067Z", "history_change_reason": null, "history_type": "+", "history_user": 1}}, {"model": "products.historicalsupply", "pk": 2, "fields": {"id": 2, "supply_id": "ff8af9f6-85b2-483a-bbd4-e3b009e45681", "reference_number": "", "carrier": "", "carrier_contact_number": null, "tracking_number": "", "comment": "", "created": "2023-03-28T10:26:49.101Z", "modified": "2023-03-28T10:26:49.101Z", "branch_from": 1, "branch_to": 1, "created_by": 1, "modified_by": 1, "history_date": "2023-03-28T10:26:49.105Z", "history_change_reason": null, "history_type": "+", "history_user": 1}}, {"model": "products.historicalsupply", "pk": 3, "fields": {"id": 3, "supply_id": "268e8a66-d303-4a06-8239-613eaff587af", "reference_number": "", "carrier": "", "carrier_contact_number": null, "tracking_number": "", "comment": "", "created": "2023-03-30T06:45:10.921Z", "modified": "2023-03-30T06:45:10.921Z", "branch_from": 1, "branch_to": 1, "created_by": 1, "modified_by": 1, "history_date": "2023-03-30T06:45:10.924Z", "history_change_reason": null, "history_type": "+", "history_user": 1}}, {"model": "products.supply", "pk": 1, "fields": {"supply_id": "7ae7b971-4237-47d5-ba34-63acdd2af4ad", "branch_from": 1, "branch_to": 1, "reference_number": "", "carrier": "", "carrier_contact_number": null, "tracking_number": "", "comment": "", "created": "2023-03-17T12:13:06.064Z", "created_by": 1, "modified": "2023-03-17T12:13:06.064Z", "modified_by": 1}}, {"model": "products.supply", "pk": 2, "fields": {"supply_id": "ff8af9f6-85b2-483a-bbd4-e3b009e45681", "branch_from": 1, "branch_to": 1, "reference_number": "", "carrier": "", "carrier_contact_number": null, "tracking_number": "", "comment": "", "created": "2023-03-28T10:26:49.101Z", "created_by": 1, "modified": "2023-03-28T10:26:49.101Z", "modified_by": 1}}, {"model": "products.supply", "pk": 3, "fields": {"supply_id": "268e8a66-d303-4a06-8239-613eaff587af", "branch_from": 1, "branch_to": 1, "reference_number": "", "carrier": "", "carrier_contact_number": null, "tracking_number": "", "comment": "", "created": "2023-03-30T06:45:10.921Z", "created_by": 1, "modified": "2023-03-30T06:45:10.921Z", "modified_by": 1}}, {"model": "products.historicalsupplydetail", "pk": 1, "fields": {"id": 1, "quantity": 5, "modified": "2023-03-17T12:13:06.073Z", "supply": 1, "variant": 2, "modified_by": null, "history_date": "2023-03-17T12:13:06.075Z", "history_change_reason": null, "history_type": "+", "history_user": null}}, {"model": "products.historicalsupplydetail", "pk": 2, "fields": {"id": 2, "quantity": 5, "modified": "2023-03-17T12:13:06.080Z", "supply": 1, "variant": 1, "modified_by": null, "history_date": "2023-03-17T12:13:06.081Z", "history_change_reason": null, "history_type": "+", "history_user": null}}, {"model": "products.historicalsupplydetail", "pk": 3, "fields": {"id": 3, "quantity": 8, "modified": "2023-03-28T10:26:49.110Z", "supply": 2, "variant": 2, "modified_by": null, "history_date": "2023-03-28T10:26:49.113Z", "history_change_reason": null, "history_type": "+", "history_user": null}}, {"model": "products.historicalsupplydetail", "pk": 4, "fields": {"id": 4, "quantity": 3, "modified": "2023-03-28T10:26:49.121Z", "supply": 2, "variant": 1, "modified_by": null, "history_date": "2023-03-28T10:26:49.121Z", "history_change_reason": null, "history_type": "+", "history_user": null}}, {"model": "products.historicalsupplydetail", "pk": 5, "fields": {"id": 4, "quantity": 2, "modified": "2023-03-28T10:42:24.540Z", "supply": 2, "variant": 1, "modified_by": 1, "history_date": "2023-03-28T10:42:24.540Z", "history_change_reason": null, "history_type": "~", "history_user": 1}}, {"model": "products.historicalsupplydetail", "pk": 6, "fields": {"id": 4, "quantity": 1, "modified": "2023-03-28T10:59:38.862Z", "supply": 2, "variant": 1, "modified_by": 1, "history_date": "2023-03-28T10:59:38.862Z", "history_change_reason": null, "history_type": "~", "history_user": 1}}, {"model": "products.historicalsupplydetail", "pk": 7, "fields": {"id": 4, "quantity": 2, "modified": "2023-03-28T10:59:45.592Z", "supply": 2, "variant": 1, "modified_by": 1, "history_date": "2023-03-28T10:59:45.593Z", "history_change_reason": null, "history_type": "~", "history_user": 1}}, {"model": "products.historicalsupplydetail", "pk": 8, "fields": {"id": 5, "quantity": 2, "modified": "2023-03-30T06:45:10.934Z", "supply": 3, "variant": 2, "modified_by": null, "history_date": "2023-03-30T06:45:10.936Z", "history_change_reason": null, "history_type": "+", "history_user": null}}, {"model": "products.historicalsupplydetail", "pk": 9, "fields": {"id": 6, "quantity": 3, "modified": "2023-03-30T06:45:10.943Z", "supply": 3, "variant": 1, "modified_by": null, "history_date": "2023-03-30T06:45:10.944Z", "history_change_reason": null, "history_type": "+", "history_user": null}}, {"model": "products.supplydetail", "pk": 1, "fields": {"supply": 1, "variant": 2, "quantity": 5, "modified": "2023-03-17T12:13:06.073Z", "modified_by": null}}, {"model": "products.supplydetail", "pk": 2, "fields": {"supply": 1, "variant": 1, "quantity": 5, "modified": "2023-03-17T12:13:06.080Z", "modified_by": null}}, {"model": "products.supplydetail", "pk": 3, "fields": {"supply": 2, "variant": 2, "quantity": 8, "modified": "2023-03-28T10:26:49.110Z", "modified_by": null}}, {"model": "products.supplydetail", "pk": 4, "fields": {"supply": 2, "variant": 1, "quantity": 2, "modified": "2023-03-28T10:59:45.592Z", "modified_by": 1}}, {"model": "products.supplydetail", "pk": 5, "fields": {"supply": 3, "variant": 2, "quantity": 2, "modified": "2023-03-30T06:45:10.934Z", "modified_by": null}}, {"model": "products.supplydetail", "pk": 6, "fields": {"supply": 3, "variant": 1, "quantity": 3, "modified": "2023-03-30T06:45:10.943Z", "modified_by": null}}, {"model": "products.historicalsupplyhistory", "pk": 1, "fields": {"id": 1, "supply_status": "DELIVERED", "comment": "Same Branch Supply Request. Set to Delivered.", "notes": null, "email_sent": false, "created": "2023-03-17T12:13:06.081Z", "modified": "2023-03-17T12:13:06.081Z", "supply": 1, "created_by": null, "modified_by": null, "history_date": "2023-03-17T12:13:06.083Z", "history_change_reason": null, "history_type": "+", "history_user": null}}, {"model": "products.historicalsupplyhistory", "pk": 2, "fields": {"id": 2, "supply_status": "DELIVERED", "comment": "Same Branch Supply Request. Set to Delivered.", "notes": null, "email_sent": false, "created": "2023-03-28T10:26:49.122Z", "modified": "2023-03-28T10:26:49.122Z", "supply": 2, "created_by": null, "modified_by": null, "history_date": "2023-03-28T10:26:49.124Z", "history_change_reason": null, "history_type": "+", "history_user": null}}, {"model": "products.historicalsupplyhistory", "pk": 3, "fields": {"id": 3, "supply_status": "DELIVERED", "comment": "Same Branch Supply Request. Set to Delivered.", "notes": null, "email_sent": false, "created": "2023-03-30T06:45:10.944Z", "modified": "2023-03-30T06:45:10.944Z", "supply": 3, "created_by": null, "modified_by": null, "history_date": "2023-03-30T06:45:10.946Z", "history_change_reason": null, "history_type": "+", "history_user": null}}, {"model": "products.supplyhistory", "pk": 1, "fields": {"supply": 1, "supply_status": "DELIVERED", "comment": "Same Branch Supply Request. Set to Delivered.", "notes": null, "email_sent": false, "created": "2023-03-17T12:13:06.081Z", "created_by": null, "modified": "2023-03-17T12:13:06.081Z", "modified_by": null}}, {"model": "products.supplyhistory", "pk": 2, "fields": {"supply": 2, "supply_status": "DELIVERED", "comment": "Same Branch Supply Request. Set to Delivered.", "notes": null, "email_sent": false, "created": "2023-03-28T10:26:49.122Z", "created_by": null, "modified": "2023-03-28T10:26:49.122Z", "modified_by": null}}, {"model": "products.supplyhistory", "pk": 3, "fields": {"supply": 3, "supply_status": "DELIVERED", "comment": "Same Branch Supply Request. Set to Delivered.", "notes": null, "email_sent": false, "created": "2023-03-30T06:45:10.944Z", "created_by": null, "modified": "2023-03-30T06:45:10.944Z", "modified_by": null}}]